{"cameraMode":{"drawMode":0,"name":"Shaded","section":"Shading Mode"},"sceneLighting":false,"audioPlay":false,"sceneViewState":{"m_AlwaysRefresh":false,"showFog":true,"showSkybox":false,"showFlares":true,"showImageEffects":true,"showParticleSystems":true,"showVisualEffectGraphs":true,"m_FxEnabled":true},"in2DMode":false,"pivot":{"x":1.9448522329330445,"y":0.7660171985626221,"z":0.8347795009613037},"rotation":{"x":-0.3383077085018158,"y":-0.1909395456314087,"z":0.07030712813138962,"w":-0.9187757968902588},"size":2.0139005184173586,"orthographic":false}