{"cameraMode":{"drawMode":0,"name":"Shaded","section":"Shading Mode"},"sceneLighting":false,"audioPlay":false,"sceneViewState":{"m_AlwaysRefresh":false,"showFog":true,"showSkybox":false,"showFlares":true,"showImageEffects":true,"showParticleSystems":true,"showVisualEffectGraphs":true,"m_FxEnabled":true},"in2DMode":false,"pivot":{"x":36.8842887878418,"y":1003.3240966796875,"z":-48.183616638183597},"rotation":{"x":0.007279817946255207,"y":0.9395405054092407,"z":-0.34178632497787478,"w":0.020011818036437036},"size":105.77327728271485,"orthographic":false}