{"cameraMode":{"drawMode":0,"name":"Shaded","section":"Shading Mode"},"sceneLighting":true,"audioPlay":false,"sceneViewState":{"m_AlwaysRefresh":false,"showFog":true,"showSkybox":true,"showFlares":true,"showImageEffects":true,"showParticleSystems":true,"showVisualEffectGraphs":true,"m_FxEnabled":true},"in2DMode":false,"pivot":{"x":-49.790496826171878,"y":-11.154521942138672,"z":10.515093803405762},"rotation":{"x":-0.09399227052927017,"y":0.6173511743545532,"z":-0.07463383674621582,"w":-0.777479887008667},"size":29.103252410888673,"orthographic":false}