{"cameraMode":{"drawMode":0,"name":"Shaded","section":"Shading Mode"},"sceneLighting":true,"audioPlay":false,"sceneViewState":{"m_AlwaysRefresh":false,"showFog":true,"showSkybox":true,"showFlares":true,"showImageEffects":true,"showParticleSystems":true,"showVisualEffectGraphs":true,"m_FxEnabled":true},"in2DMode":false,"pivot":{"x":-16.842269897460939,"y":7.556595325469971,"z":26.346603393554689},"rotation":{"x":0.03719447925686836,"y":0.27432113885879519,"z":0.010618803091347218,"w":-0.9608595967292786},"size":27.64107894897461,"orthographic":false}