{"cameraMode":{"drawMode":0,"name":"Shaded","section":"Shading Mode"},"sceneLighting":true,"audioPlay":false,"sceneViewState":{"m_AlwaysRefresh":false,"showFog":true,"showSkybox":true,"showFlares":true,"showImageEffects":true,"showParticleSystems":true,"showVisualEffectGraphs":true,"m_FxEnabled":true},"in2DMode":false,"pivot":{"x":-1.8580574989318848,"y":-0.06437444686889649,"z":0.18191182613372804},"rotation":{"x":-0.022666363045573236,"y":0.7533344626426697,"z":-0.026000358164310457,"w":-0.6567379236221314},"size":3.9359145164489748,"orthographic":false}