{"cameraMode":{"drawMode":0,"name":"Shaded","section":"Shading Mode"},"sceneLighting":true,"audioPlay":false,"sceneViewState":{"m_AlwaysRefresh":false,"showFog":true,"showSkybox":true,"showFlares":true,"showImageEffects":true,"showParticleSystems":true,"showVisualEffectGraphs":true,"m_FxEnabled":true},"in2DMode":false,"pivot":{"x":6.196663856506348,"y":-35.20548629760742,"z":11.382274627685547},"rotation":{"x":0.47033897042274477,"y":0.19869175553321839,"z":-0.1095808744430542,"w":0.8528255820274353},"size":35.280887603759769,"orthographic":false}