{"cameraMode":{"drawMode":0,"name":"Shaded","section":"Shading Mode"},"sceneLighting":true,"audioPlay":false,"sceneViewState":{"m_AlwaysRefresh":false,"showFog":true,"showSkybox":true,"showFlares":true,"showImageEffects":true,"showParticleSystems":true,"showVisualEffectGraphs":true,"m_FxEnabled":true},"in2DMode":false,"pivot":{"x":1.7915012836456299,"y":0.3276174068450928,"z":-3.4847662448883058},"rotation":{"x":0.03234647586941719,"y":0.9655763506889343,"z":-0.1474141925573349,"w":0.21186929941177369},"size":2.702643632888794,"orthographic":false}