{"cameraMode":{"drawMode":0,"name":"Shaded","section":"Shading Mode"},"sceneLighting":true,"audioPlay":false,"sceneViewState":{"m_AlwaysRefresh":false,"showFog":true,"showSkybox":true,"showFlares":true,"showImageEffects":true,"showParticleSystems":true,"showVisualEffectGraphs":true,"m_FxEnabled":true},"in2DMode":false,"pivot":{"x":-3.6053578853607179,"y":-1.2213010787963868,"z":-4.632554054260254},"rotation":{"x":0.008091219700872898,"y":0.9467164874076843,"z":-0.3211040496826172,"w":0.02385646104812622},"size":6.744665622711182,"orthographic":false}