{"cameraMode":{"drawMode":0,"name":"Shaded","section":"Shading Mode"},"sceneLighting":false,"audioPlay":false,"sceneViewState":{"m_AlwaysRefresh":false,"showFog":true,"showSkybox":false,"showFlares":true,"showImageEffects":true,"showParticleSystems":true,"showVisualEffectGraphs":true,"m_FxEnabled":true},"in2DMode":false,"pivot":{"x":-1.0068951845169068,"y":0.6726064682006836,"z":1.0997626781463624},"rotation":{"x":0.12712790071964265,"y":-0.15172715485095979,"z":0.019682057201862336,"w":0.9800153374671936},"size":2.169175148010254,"orthographic":false}